{
  "persistence": {
    "overall_median_3d_mm": 54.136040989587826,
    "overall_mean_3d_mm": 92.23595980509062,
    "overall_p95_3d_mm": 327.1966732468504,
    "per_horizon_median_3d_mm": [
      16.821368087737554,
      30.376857726583196,
      42.925513138115974,
      53.30543238933013,
      64.06689930040096,
      71.5000397674065,
      77.44702078389696,
      81.21766058905452,
      83.75233375466118,
      85.74211323789658
    ],
    "per_horizon_p95_3d_mm": [
      65.87131280832683,
      121.85919178709754,
      173.81461245994612,
      226.88440025084415,
      273.63917106978556,
      318.23384476016463,
      358.04381363367474,
      389.39561648767597,
      416.65099626561425,
      445.45175149622844
    ],
    "per_axis_median_mm": {
      "x": 21.22095919373561,
      "y": 19.71691006763149,
      "z": 9.353946479781825
    },
    "per_axis_per_horizon_median_mm": {
      "x": [
        6.5842835148489485,
        11.944382085190114,
        16.724405222966027,
        20.97558198992158,
        25.359769495913497,
        28.92602617895443,
        31.47726355457695,
        33.86321339818028,
        35.35430210845584,
        36.041274020731635
      ],
      "y": [
        6.851933749596469,
        11.778591905230883,
        15.99047406154125,
        19.81045387589313,
        22.867618242271305,
        25.907161847782504,
        28.335523431569413,
        29.82945843437915,
        31.48523750553818,
        31.526936445599404
      ],
      "z": [
        4.3737178908745875,
        6.872766339939233,
        8.571265218510462,
        10.020573948354468,
        10.706601969483586,
        11.011091879593778,
        11.039509764513355,
        11.362044575679676,
        12.08847199561228,
        12.92744670698039
      ]
    },
    "skill_score_vs_persistence": 1.0
  },
  "linear": {
    "overall_median_3d_mm": 89.23036673913097,
    "overall_mean_3d_mm": 135.1979906487009,
    "overall_p95_3d_mm": 423.38362590769606,
    "per_horizon_median_3d_mm": [
      35.73730888843393,
      50.805235069998375,
      66.51449926530937,
      81.92852565176328,
      98.27668020551575,
      112.74670013405306,
      126.74601217524082,
      140.4755465687486,
      150.45401193885542,
      160.54457045223063
    ],
    "per_horizon_p95_3d_mm": [
      128.75295354691943,
      183.83153456500312,
      239.40876259073744,
      296.01478680612087,
      357.70415278201057,
      415.6760959910903,
      467.8738671538358,
      524.2948413769805,
      580.2193424710925,
      630.9634967268388
    ],
    "per_axis_median_mm": {
      "x": 34.54492347082288,
      "y": 33.42182300688057,
      "z": 16.424065275976773
    },
    "per_axis_per_horizon_median_mm": {
      "x": [
        13.610462459641383,
        19.040582440573303,
        25.24385865756875,
        31.58019878833565,
        37.038015073517045,
        43.78586992367457,
        48.84524020680101,
        53.43205487366214,
        59.19334277174744,
        62.60596795766139
      ],
      "y": [
        13.868712192466376,
        19.689955111783206,
        25.2249700288819,
        31.059378472688195,
        36.58377693181046,
        41.78595334582474,
        46.467577517161146,
        50.97335810174934,
        55.64030157539668,
        59.78004543855957
      ],
      "z": [
        8.893567938675233,
        11.59155762601938,
        13.576989914831984,
        15.263964391502327,
        16.34030767825527,
        17.850423691157744,
        19.77317623835586,
        22.031433818712912,
        23.92665970661949,
        25.80231839914734
      ]
    },
    "skill_score_vs_persistence": 1.6482617699416358
  },
  "const_velocity": {
    "overall_median_3d_mm": 75.84952097639523,
    "overall_mean_3d_mm": 123.68657852198795,
    "overall_p95_3d_mm": 388.14284531551397,
    "per_horizon_median_3d_mm": [
      13.16594786540881,
      26.87412975850715,
      43.219096522622266,
      61.24755620415193,
      80.96945066043111,
      99.98844918156779,
      120.50105777891046,
      140.94465905641218,
      162.12290494927203,
      182.57769653832352
    ],
    "per_horizon_p95_3d_mm": [
      44.831150697248155,
      86.23025523397025,
      141.38912473159556,
      206.42652701754162,
      273.36073681537835,
      344.2480865893915,
      421.6890290514084,
      490.7735370329261,
      558.2425964332203,
      624.3492148575026
    ],
    "per_axis_median_mm": {
      "x": 27.08035165138085,
      "y": 30.660199236973426,
      "z": 24.375429437073535
    },
    "per_axis_per_horizon_median_mm": {
      "x": [
        5.00794784391428,
        10.615725310784114,
        17.10026614543574,
        23.955797432255622,
        31.002183313966157,
        38.84314780169461,
        46.37407121378925,
        55.064268696897216,
        64.04364435494426,
        72.19351193625045
      ],
      "y": [
        6.354896881227887,
        12.218233189695184,
        18.72049396524244,
        26.882491984131548,
        34.06279176821704,
        42.6527326051031,
        51.08037562854474,
        58.522337032748624,
        66.78882549439004,
        74.94358996341202
      ],
      "z": [
        5.283358647311843,
        10.524518109433643,
        16.072392686233,
        21.48186294818379,
        27.74748509568485,
        33.55990785313156,
        39.17494248375533,
        44.48004122794907,
        48.91000289941678,
        55.16073926151728
      ]
    },
    "skill_score_vs_persistence": 1.4010910216168861
  },
  "gru": {
    "overall_median_3d_mm": 61.06728546118133,
    "overall_mean_3d_mm": 88.7979080786584,
    "overall_p95_3d_mm": 261.2491137468449,
    "per_horizon_median_3d_mm": [
      20.713392310172328,
      29.72584072120452,
      42.07753250696395,
      54.94974954181444,
      66.834028465144,
      76.9991102407407,
      87.8149040104315,
      98.05804881433934,
      107.37793211671007,
      112.41198243172703
    ],
    "per_horizon_p95_3d_mm": [
      52.98238687403086,
      80.14259910184737,
      120.4559752485826,
      162.95025001665817,
      206.01202602125747,
      244.77657805949127,
      280.10641653219113,
      314.3752529559076,
      346.219041156316,
      377.3196146551521
    ],
    "per_axis_median_mm": {
      "x": 25.796438632937708,
      "y": 24.705654283356864,
      "z": 20.067039961965193
    },
    "per_axis_per_horizon_median_mm": {
      "x": [
        8.844623210340217,
        12.50107195199439,
        17.41071710523761,
        22.914944964364906,
        29.10112007477096,
        34.36673796306252,
        40.577181702747,
        46.66655489404002,
        52.6115912759837,
        56.19987116250633
      ],
      "y": [
        9.631931369774975,
        12.868018714239042,
        17.445160646807267,
        22.917749370243882,
        27.789821709155035,
        31.917856586260086,
        37.05805775303065,
        39.46013836709062,
        43.64484583268063,
        45.23341468932017
      ],
      "z": [
        8.23018176890426,
        12.49719898189926,
        18.032001468041585,
        21.088602743349952,
        25.22096708622385,
        25.896557648163196,
        24.92972401523491,
        26.438126619982313,
        27.927514212647566,
        26.765467167785573
      ]
    },
    "skill_score_vs_persistence": 1.1280338263547312,
    "per_subject_median_mm": {
      "LiangShi": {
        "n": 389,
        "median": 61.90414157531276,
        "p95": 216.8349619572137
      },
      "MantianXue": {
        "n": 364,
        "median": 76.25043108954353,
        "p95": 368.2448029998591
      },
      "MikeFoshey": {
        "n": 406,
        "median": 68.22263329839762,
        "p95": 285.2763799109878
      },
      "PingchuanMa": {
        "n": 400,
        "median": 73.46197603473959,
        "p95": 352.5841411869069
      },
      "TimErps": {
        "n": 381,
        "median": 81.05802716662754,