{
  "n_train": 22730,
  "n_val": 2273,
  "n_test": 9749,
  "tactile_mean": 0.06668976694345474,
  "tactile_std": 0.014857163652777672,
  "com_train_mean": [
    888.6787542733889,
    801.218083458778,
    -765.7927123347858
  ],
  "com_train_std": [
    343.24898502655014,
    318.2486289438736,
    311.87091727172407
  ],
  "best_val_mse": {
    "linear": 0.13557291196452248,
    "mlp": 0.030253129079937935
  },
  "methods": {
    "mean_baseline": {
      "name": "mean_baseline",
      "median_3d_mm": 539.0717591732414,
      "mean_3d_mm": 533.1375366790904,
      "p95_3d_mm": 884.8559586334906,
      "median_x_mm": 266.6436645568057,
      "median_y_mm": 203.23148179400687,
      "median_z_mm": 230.7587271344628,
      "rms_3d_mm": 570.4815930350042
    },
    "linear_probe": {
      "name": "linear_probe",
      "median_3d_mm": 291.5605747527366,
      "mean_3d_mm": 345.7033861711875,
      "p95_3d_mm": 779.5223394977709,
      "median_x_mm": 141.38704772690437,
      "median_y_mm": 120.91144504834017,
      "median_z_mm": 111.510904580476,
      "rms_3d_mm": 433.3349513063269
    },
    "mlp_probe": {
      "name": "mlp_probe",
      "median_3d_mm": 233.57031328497703,
      "mean_3d_mm": 285.39793101463357,
      "p95_3d_mm": 703.5996678681512,
      "median_x_mm": 96.51864945554837,
      "median_y_mm": 83.1931158416669,
      "median_z_mm": 79.48042685070664,
      "rms_3d_mm": 356.41231207552033
    }
  }
}