{
  "persistence": {
    "overall_median_3d_mm": 54.136040989587826,
    "overall_mean_3d_mm": 92.23595980509062,
    "overall_p95_3d_mm": 327.1966732468504,
    "per_horizon_median_3d_mm": [
      16.821368087737554,
      30.376857726583196,
      42.925513138115974,
      53.30543238933013,
      64.06689930040096,
      71.5000397674065,
      77.44702078389696,
      81.21766058905452,
      83.75233375466118,
      85.74211323789658
    ],
    "per_horizon_p95_3d_mm": [
      65.87131280832683,
      121.85919178709754,
      173.81461245994612,
      226.88440025084415,
      273.63917106978556,
      318.23384476016463,
      358.04381363367474,
      389.39561648767597,
      416.65099626561425,
      445.45175149622844
    ],
    "per_axis_median_mm": {
      "x": 21.22095919373561,
      "y": 19.71691006763149,
      "z": 9.353946479781825
    },
    "per_axis_per_horizon_median_mm": {
      "x": [
        6.5842835148489485,
        11.944382085190114,
        16.724405222966027,
        20.97558198992158,
        25.359769495913497,
        28.92602617895443,
        31.47726355457695,
        33.86321339818028,
        35.35430210845584,
        36.041274020731635
      ],
      "y": [
        6.851933749596469,
        11.778591905230883,
        15.99047406154125,
        19.81045387589313,
        22.867618242271305,
        25.907161847782504,
        28.335523431569413,
        29.82945843437915,
        31.48523750553818,
        31.526936445599404
      ],
      "z": [
        4.3737178908745875,
        6.872766339939233,
        8.571265218510462,
        10.020573948354468,
        10.706601969483586,
        11.011091879593778,
        11.039509764513355,
        11.362044575679676,
        12.08847199561228,
        12.92744670698039
      ]
    },
    "skill_score_vs_persistence": 1.0
  },
  "phase2_tactile": {
    "overall_median_3d_mm": 63.65290010957051,
    "overall_mean_3d_mm": 99.83158617769486,
    "overall_p95_3d_mm": 327.9854545611178,
    "per_horizon_median_3d_mm": [
      18.171984288006698,
      32.55881302463987,
      46.77587627878307,
      59.10913682744783,
      70.79214692220509,
      81.44964880884994,
      91.1664701292675,
      99.25441842373782,
      107.66626672222701,
      114.6042231449216
    ],
    "per_horizon_p95_3d_mm": [
      65.70881198260301,
      120.28095298983465,
      176.53604327181012,
      226.7731360691078,
      275.53125179921096,
      322.79949832145246,
      364.8659383873553,
      399.9076949555774,
      429.5457358529262,
      456.43717321838346
    ],
    "per_axis_median_mm": {
      "x": 27.122088607047544,
      "y": 25.864949502492777,
      "z": 18.22017441320031
    },
    "per_axis_per_horizon_median_mm": {
      "x": [
        7.52807586705535,
        13.781949943946756,
        19.81767125355543,
        24.887913590673975,
        30.245144685595506,
        34.806088086059134,
        39.642049670268875,
        43.885704359242766,
        48.5300174066017,
        52.37010321940352
      ],
      "y": [
        8.025182747930103,
        14.101369079802907,
        19.763783601633747,
        24.88186447113685,
        28.868224257419683,
        33.24268680072532,
        36.723662545321474,
        40.13897864675232,
        43.95924585058799,
        46.368192000812314
      ],
      "z": [
        6.333763787408998,
        10.992199214407492,
        15.144240669421833,
        18.160543803747032,
        20.371257665213534,
        22.402646996925228,
        24.489683437448775,
        26.434109088714195,
        28.169169627917427,
        30.38495928850989
      ]
    },
    "skill_score_vs_persistence": 1.1757952548065547,
    "per_subject_median_mm": {
      "LiangShi": {
        "n": 389,
        "median": 59.3156792135094,
        "p95": 266.36001955976394
      },
      "MantianXue": {
        "n": 364,
        "median": 75.5366811862786,
        "p95": 470.38184378601346
      },
      "MikeFoshey": {
        "n": 406,
        "median": 74.88452789684126,
        "p95": 374.20759365227
      },
      "PingchuanMa": {
        "n": 400,
        "median": 66.75540414121735,
        "p95": 417.79855615548104
      },
      "TimErps": {
        "n": 381,
        "median": 74.62070767395156,
        "p95": 350.94760103304003
      },
      "TongZhang": {
        "n": 392,
        "median": 45.08372216080291,
        "p95": 273.293454236103
      },
      "WanShou": {
        "n": 375,
        "median": 60.05767687065939,
        "p95": 250.0275810937523
      },
      "YiyueLuo": {
        "n": 1736,
        "median": 59.489467610212785,
        "p95": 271.139223505084
      },
      "YunzhuLi": {
        "n": 420,
        "median": 77.3213898637234,
        "p95": 342.94894206629357
      },
      "ZeyuWu": {
        "n": 392,
        "median": 68.68006884034645,
        "p95": 343.26826117409405
      }
    }
  }
}