{
  "threshold_mm_per_frame": 40.10069406461301,
  "moving_fraction_target": 0.3,
  "n_test": 5255,
  "n_static": 3678,
  "n_moving": 1577,
  "persistence_medians": {
    "full": 54.136040989587826,
    "static": 38.06682893547686,
    "moving": 132.90043903288603
  },
  "methods": {
    "persistence": {
      "full": {
        "n": 5255,
        "median_3d_mm": 54.136040989587826,
        "mean_3d_mm": 92.23595980509062,
        "p95_3d_mm": 327.1966732468504,
        "per_horizon_median": [
          16.821368087737554,
          30.376857726583196,
          42.925513138115974,
          53.30543238933013,
          64.06689930040096,
          71.5000397674065,
          77.44702078389696,
          81.21766058905452,
          83.75233375466118,
          85.74211323789658
        ],
        "per_axis_median": {
          "x": 21.22095919373561,
          "y": 19.71691006763149,
          "z": 9.353946479781825
        },
        "skill_vs_persistence": 1.0
      },
      "static": {
        "n": 3678,
        "median_3d_mm": 38.06682893547686,
        "mean_3d_mm": 61.12294376503395,
        "p95_3d_mm": 198.869118033915,
        "per_horizon_median": [
          13.290159146845586,
          22.7804547357904,
          32.15734547645556,
          39.33543247595651,
          45.77922477389174,
          51.274425184838925,
          56.256520897843146,
          59.4648154259779,
          60.486804014557855,
          59.702735836049165
        ],
        "per_axis_median": {
          "x": 13.816471760259304,
          "y": 14.281997087748948,
          "z": 8.220281506125389
        },
        "skill_vs_persistence": 1.0
      },
      "moving": {
        "n": 1577,
        "median_3d_mm": 132.90043903288603,
        "mean_3d_mm": 164.8001151604034,
        "p95_3d_mm": 419.6549707436376,
        "per_horizon_median": [
          31.253972212239724,
          60.779273100989194,
          88.19744318539988,
          116.10472998939211,
          143.07597136195707,
          173.86931822619374,
          198.96609940643637,
          227.76757183943252,
          252.53060975378332,
          279.17808377526984
        ],
        "per_axis_median": {
          "x": 65.61745904039094,
          "y": 53.47620698965901,
          "z": 12.20301936658467
        },
        "skill_vs_persistence": 1.0
      }
    },
    "phase1_gru_com": {
      "full": {
        "n": 5255,
        "median_3d_mm": 61.06728546118133,
        "mean_3d_mm": 88.79790808299116,
        "p95_3d_mm": 261.2491137468449,
        "per_horizon_median": [
          20.713392310172328,
          29.72584072120452,
          42.07753250696395,
          54.94974954181444,
          66.834028465144,
          76.9991102407407,
          87.8149040104315,
          98.05804881433934,
          107.37793211671007,
          112.41198243172703
        ],
        "per_axis_median": {
          "x": 25.796438632937708,
          "y": 24.705654283356864,
          "z": 20.06703166749635
        },
        "skill_vs_persistence": 1.1280338263547312
      },
      "static": {
        "n": 3678,
        "median_3d_mm": 51.16087674977457,
        "mean_3d_mm": 68.21969953014691,
        "p95_3d_mm": 181.86328613848494,
        "per_horizon_median": [
          19.02896179879025,
          26.107683459057718,
          36.67767095212115,
          47.18148940637064,
          56.717559884653525,
          64.39701349794623,
          71.86732855458385,
          78.74311821811727,
          85.0548672206252,
          89.38125016420523
        ],
        "per_axis_median": {
          "x": 20.649758988906626,
          "y": 20.49569301470325,
          "z": 18.661097383291136
        },
        "skill_vs_persistence": 1.3439752713968394
      },
      "moving": {
        "n": 1577,
        "median_3d_mm": 104.48744525214394,
        "mean_3d_mm": 136.79197977440595,
        "p95_3d_mm": 360.5645657263348,
        "per_horizon_median": [
          25.58954114999716,
          41.05217633014773,
          64.21859070125646,
          84.90842796514116,
          112.4135129985954,
          135.07207975438283,
          156.12568067487408,
          177.78622353641939,
          200.32038357460476,
          221.02046064710666
        ],
        "per_axis_median": {
          "x": 47.92625134077474,
          "y": 43.97392124828161,
          "z": 24.07586960950161
        },
        "skill_vs_persistence": 0.7862084279969058
      }
    },
    "phase2_v1_gru_kp": {
      "full": {
        "n": 5255,
        "median_3d_mm": 66.32909224639502,
        "mean_3d_mm": 93.40219544044238,
        "p95_3d_mm": 265.0399221491653,
        "per_horizon_median": [
          26.340744847074625,
          34.53884508876147,
          44.96323894327665,
          57.26717286475032,
          69.51893810458131,
          80.00861493758028,
          92.91380352989287,
          104.64870662208435,
          114.3541381986875,
          121.32811289186603
        ],
        "per_axis_median": {
          "x": 31.278074001459572,
          "y": 29.421342240891107,
          "z": 20.54766993330975
        },
        "skill_vs_persistence": 1.2252298290366732
      },
      "static": {
        "n": 3678,
        "median_3d_mm": 57.23289970301576,
        "mean_3d_mm": 78.71300971548064,
        "p95_3d_mm": 213.4810792977803,
        "per_horizon_median": [
          24.055741747035647,
          30.762409977407916,
          39.299393664895916,
          49.273863471566486,
          59.825222979516454,
          69.08771881314283,
          80.24091146643363,
          88.74724232523528,
          97.63676238875948,
          102.69339399345289
        ],
        "per_axis_median": {
          "x": 26.660845074297526,
          "y": 25.133944638466915,
          "z": 19.04020781085478
        },
        "skill_vs_persistence": 1.5034848266459315
      },
      "moving": {
        "n": 1577,
        "median_3d_mm": 95.87413601124514,
        "mean_3d_mm": 127.66143773366323,
        "p95_3d_mm": 343.6966912393244,
        "per_horizon_median": [
          32.62303913208205,
          46.089863611726905,
          62.935346878115354,
          81.35078002504434,
          98.91409858435708,
          115.3666117508577,
          140.06061479150216,
          157.02049059600452,
          175.45103439082905,
          191.40471593784258
        ],
        "per_axis_median": {
          "x": 46.96418661387429,
          "y": 43.46844906362696,
          "z": 24.736151524455863
        },
        "skill_vs_persistence": 0.7213981888165262
      }
    },
    "phase2_v2_gru_kp": {
      "full": {
        "n": 5255,
        "median_3d_mm": 46.77379461269927,
        "mean_3d_mm": 79.71633248619858,
        "p95_3d_mm": 268.9818685247178,
        "per_horizon_median": [
          17.88398902708093,
          27.777119689108883,
          35.563997281589955,
          42.91930829095383,
          50.617629476849324,
          57.96488332270582,
          65.47052785075587,
          71.92317906899257,
          78.4416371502306,
          86.20093537919932
        ],
        "per_axis_median": {
          "x": 21.376697368540647,
          "y": 21.119222705073753,
          "z": 12.185678154222842
        },
        "skill_vs_persistence": 0.8640047140073549
      },
      "static": {
        "n": 3678,
        "median_3d_mm": 37.035096715540135,
        "mean_3d_mm": 58.9749987905664,
        "p95_3d_mm": 189.1070232240397,
        "per_horizon_median": [
          15.549220477760535,
          23.399873177607773,
          29.025124307405203,
          34.01048967272556,
          39.52330997419069,
          44.16493843582002,
          49.04727462935293,
          54.65493392963104,
          59.13319395275901,
          64.80751472340029
        ],
        "per_axis_median": {
          "x": 17.003367451052128,
          "y": 17.18941748096654,
          "z": 10.64604424385874
        },