{
  "threshold_mm_per_frame": 40.10069406461301,
  "moving_fraction_target": 0.3,
  "n_test": 5255,
  "n_static": 3678,
  "n_moving": 1577,
  "persistence_medians": {
    "full": 54.136040989587826,
    "static": 38.06682893547686,
    "moving": 132.90043903288603
  },
  "methods": {
    "persistence": {
      "full": {
        "n": 5255,
        "median_3d_mm": 54.136040989587826,
        "mean_3d_mm": 92.23595980509062,
        "p95_3d_mm": 327.1966732468504,
        "per_horizon_median": [
          16.821368087737554,
          30.376857726583196,
          42.925513138115974,
          53.30543238933013,
          64.06689930040096,
          71.5000397674065,
          77.44702078389696,
          81.21766058905452,
          83.75233375466118,
          85.74211323789658
        ],
        "per_axis_median": {
          "x": 21.22095919373561,
          "y": 19.71691006763149,
          "z": 9.353946479781825
        },
        "skill_vs_persistence": 1.0
      },
      "static": {
        "n": 3678,
        "median_3d_mm": 38.06682893547686,
        "mean_3d_mm": 61.12294376503395,
        "p95_3d_mm": 198.869118033915,
        "per_horizon_median": [
          13.290159146845586,
          22.7804547357904,
          32.15734547645556,
          39.33543247595651,
          45.77922477389174,
          51.274425184838925,
          56.256520897843146,
          59.4648154259779,
          60.486804014557855,
          59.702735836049165
        ],
        "per_axis_median": {
          "x": 13.816471760259304,
          "y": 14.281997087748948,
          "z": 8.220281506125389
        },
        "skill_vs_persistence": 1.0
      },
      "moving": {
        "n": 1577,
        "median_3d_mm": 132.90043903288603,
        "mean_3d_mm": 164.8001151604034,
        "p95_3d_mm": 419.6549707436376,
        "per_horizon_median": [
          31.253972212239724,
          60.779273100989194,
          88.19744318539988,
          116.10472998939211,
          143.07597136195707,
          173.86931822619374,
          198.96609940643637,
          227.76757183943252,
          252.53060975378332,
          279.17808377526984
        ],
        "per_axis_median": {
          "x": 65.61745904039094,
          "y": 53.47620698965901,
          "z": 12.20301936658467
        },
        "skill_vs_persistence": 1.0
      }
    },
    "phase1_gru_com": {
      "full": {
        "n": 5255,
        "median_3d_mm": 61.06724845977841,
        "mean_3d_mm": 88.79790925318618,
        "p95_3d_mm": 261.24914511289074,
        "per_horizon_median": [
          20.71339556707467,
          29.725808356721764,
          42.07753395517041,
          54.94965431115453,
          66.83404598518872,
          76.99899145171692,
          87.81486944888714,
          98.05812760064784,
          107.378016750922,
          112.41206058659215
        ],
        "per_axis_median": {
          "x": 25.796486376119788,
          "y": 24.705674369756082,
          "z": 20.06703166749635
        },
        "skill_vs_persistence": 1.1280331428654653
      },
      "static": {
        "n": 3678,
        "median_3d_mm": 51.16087581916261,
        "mean_3d_mm": 68.21970115801368,
        "p95_3d_mm": 181.8632920828168,
        "per_horizon_median": [
          19.02893752883206,
          26.107681951215163,
          36.677674063555585,
          47.18147209245146,
          56.717540312005156,
          64.39700577535254,
          71.86726133574547,
          78.74315517146783,
          85.0549283239372,
          89.38125435937172
        ],
        "per_axis_median": {
          "x": 20.649628525039702,
          "y": 20.495691759303327,
          "z": 18.66110567775992
        },
        "skill_vs_persistence": 1.3439752469500443
      },
      "moving": {
        "n": 1577,
        "median_3d_mm": 104.48744226277319,
        "mean_3d_mm": 136.79197987718396,
        "p95_3d_mm": 360.564648269411,
        "per_horizon_median": [
          25.589548020208813,
          41.05215381755475,
          64.21857719012652,
          84.9084165330066,
          112.4135692216788,
          135.07222460462623,
          156.12571165598573,
          177.78638657272865,
          200.32033301415143,
          221.02043460599006
        ],
        "per_axis_median": {
          "x": 47.926219511986744,
          "y": 43.97398527367909,
          "z": 24.07583884222015
        },
        "skill_vs_persistence": 0.7862084055035959
      }
    },
    "phase2_v1_gru_kp": {
      "full": {
        "n": 5255,
        "median_3d_mm": 66.32909980652184,
        "mean_3d_mm": 93.402195399997,
        "p95_3d_mm": 265.03987588917005,
        "per_horizon_median": [
          26.340709050842374,
          34.53882907454188,
          44.96326048453553,
          57.26717456846515,
          69.51887408665795,
          80.00867332301966,
          92.91382922742369,
          104.64875631847012,
          114.35418265785827,
          121.32815803177026
        ],
        "per_axis_median": {
          "x": 31.278075350480037,
          "y": 29.421424751550802,
          "z": 20.547628801116332
        },
        "skill_vs_persistence": 1.2252299686872032
      },
      "static": {
        "n": 3678,
        "median_3d_mm": 57.23289263553414,
        "mean_3d_mm": 78.71301030344694,
        "p95_3d_mm": 213.48107529041303,
        "per_horizon_median": [
          24.055703903865815,
          30.76244388072001,
          39.299411009174015,
          49.27385287070356,
          59.825222652980024,
          69.08770914135968,
          80.24091470977743,
          88.74732762750739,
          97.636735076248,
          102.6933708843904
        ],
        "per_axis_median": {
          "x": 26.660839678215552,
          "y": 25.133985893796734,
          "z": 19.04018313153881
        },
        "skill_vs_persistence": 1.503484640986085
      },
      "moving": {
        "n": 1577,
        "median_3d_mm": 95.87416969855707,
        "mean_3d_mm": 127.66143622758814,
        "p95_3d_mm": 343.69671147729747,
        "per_horizon_median": [
          32.623021625212616,
          46.08984509310201,
          62.93538789616615,
          81.35075475201147,
          98.91406846790922,
          115.3666294701359,
          140.06063676272922,
          157.02044724911164,
          175.45101855595723,
          191.4047236557863
        ],
        "per_axis_median": {
          "x": 46.96422506095831,
          "y": 43.46842843596204,
          "z": 24.73614329801717
        },
        "skill_vs_persistence": 0.7213984422943339
      }
    },
    "phase2_v2_gru_kp": {
      "full": {
        "n": 5255,
        "median_3d_mm": 46.7674954782786,
        "mean_3d_mm": 79.71560659537742,
        "p95_3d_mm": 268.9905096807408,
        "per_horizon_median": [
          17.890510783881133,
          27.778690656195355,
          35.5633168305308,
          42.92517179407589,
          50.62040299992591,
          57.96566993249978,
          65.47566134540126,
          71.93593132128257,
          78.41899200926537,
          86.19164583006145
        ],
        "per_axis_median": {
          "x": 21.375094639102684,
          "y": 21.121093089069916,
          "z": 12.187166822990548
        },
        "skill_vs_persistence": 0.8638883565067781
      },
      "static": {
        "n": 3678,
        "median_3d_mm": 37.03449960591592,
        "mean_3d_mm": 58.97416351410539,
        "p95_3d_mm": 189.10807365173554,
        "per_horizon_median": [
          15.550956772790983,
          23.399730227385355,
          29.022264281368194,
          34.00452915009115,
          39.52750077780084,
          44.16602559039141,
          49.04365424863033,
          54.651172026844385,
          59.12364878366875,
          64.79249886904546
        ],
        "per_axis_median": {
          "x": 16.998632877054632,
          "y": 17.18990673857178,
          "z": 10.643793833944471
        },