{
  "persistence": {
    "overall_median_3d_mm": 54.136040989587826,
    "overall_mean_3d_mm": 92.23595980509062,
    "overall_p95_3d_mm": 327.1966732468504,
    "per_horizon_median_3d_mm": [
      16.821368087737554,
      30.376857726583196,
      42.925513138115974,
      53.30543238933013,
      64.06689930040096,
      71.5000397674065,
      77.44702078389696,
      81.21766058905452,
      83.75233375466118,
      85.74211323789658
    ],
    "per_horizon_p95_3d_mm": [
      65.87131280832683,
      121.85919178709754,
      173.81461245994612,
      226.88440025084415,
      273.63917106978556,
      318.23384476016463,
      358.04381363367474,
      389.39561648767597,
      416.65099626561425,
      445.45175149622844
    ],
    "per_axis_median_mm": {
      "x": 21.22095919373561,
      "y": 19.71691006763149,
      "z": 9.353946479781825
    },
    "per_axis_per_horizon_median_mm": {
      "x": [
        6.5842835148489485,
        11.944382085190114,
        16.724405222966027,
        20.97558198992158,
        25.359769495913497,
        28.92602617895443,
        31.47726355457695,
        33.86321339818028,
        35.35430210845584,
        36.041274020731635
      ],
      "y": [
        6.851933749596469,
        11.778591905230883,
        15.99047406154125,
        19.81045387589313,
        22.867618242271305,
        25.907161847782504,
        28.335523431569413,
        29.82945843437915,
        31.48523750553818,
        31.526936445599404
      ],
      "z": [
        4.3737178908745875,
        6.872766339939233,
        8.571265218510462,
        10.020573948354468,
        10.706601969483586,
        11.011091879593778,
        11.039509764513355,
        11.362044575679676,
        12.08847199561228,
        12.92744670698039
      ]
    },
    "skill_score_vs_persistence": 1.0
  },
  "phase2_v2_gru_kp": {
    "overall_median_3d_mm": 46.7674954782786,
    "overall_mean_3d_mm": 79.71560659537742,
    "overall_p95_3d_mm": 268.9905096807408,
    "per_horizon_median_3d_mm": [
      17.890510783881133,
      27.778690656195355,
      35.5633168305308,
      42.92517179407589,
      50.62040299992591,
      57.96566993249978,
      65.47566134540126,
      71.93593132128257,
      78.41899200926537,
      86.19164583006145
    ],
    "per_horizon_p95_3d_mm": [
      58.77773454661431,
      101.96301997007203,
      143.45556567413644,
      181.45336829887046,
      221.53246656575013,
      260.4396193700439,
      297.7540412194515,
      328.90658838524485,
      360.3654182261745,
      391.0270729135249
    ],
    "per_axis_median_mm": {
      "x": 21.375094639102684,
      "y": 21.121093089069916,
      "z": 12.187166822990548
    },
    "per_axis_per_horizon_median_mm": {
      "x": [
        7.793557264030824,
        11.704832828693952,
        15.54054280802211,
        18.98980240442779,
        23.150056352162494,
        26.947787108907278,
        30.930701908795868,
        33.88966143271284,
        37.428142014670016,
        40.088273082053774
      ],
      "y": [
        9.020071165994977,
        13.153463352466304,
        16.817665998217137,
        19.78146069991152,
        22.6642430748102,
        25.698941342678495,
        28.21754018868205,
        31.032328874858365,
        34.57629907077785,
        38.83222314099987
      ],
      "z": [
        6.1288559943005225,
        8.994588552683012,
        10.703961519889049,
        11.865705003448056,
        13.366996562720374,
        14.28652106087793,
        14.46523793552592,
        15.216682968209057,
        16.593036358746332,
        19.20963270311705
      ]
    },
    "skill_score_vs_persistence": 0.8638883565067781,
    "per_subject_median_mm": {
      "LiangShi": {
        "n": 389,
        "median": 41.18191435287377,
        "p95": 229.37976377746992
      },
      "MantianXue": {
        "n": 364,
        "median": 64.59834139919636,
        "p95": 413.49613222650714
      },
      "MikeFoshey": {
        "n": 406,
        "median": 48.42911958286522,
        "p95": 270.8989608973973
      },
      "PingchuanMa": {
        "n": 400,
        "median": 48.1869509032625,
        "p95": 339.2754316557329
      },
      "TimErps": {
        "n": 381,
        "median": 55.873355605524914,
        "p95": 316.7543964593453
      },
      "TongZhang": {
        "n": 392,
        "median": 32.498800469371254,
        "p95": 302.5560400000269
      },
      "WanShou": {
        "n": 375,
        "median": 37.96544317005574,
        "p95": 201.14563719917425
      },
      "YiyueLuo": {
        "n": 1736,
        "median": 45.892573013866,
        "p95": 199.4707497555608
      },
      "YunzhuLi": {
        "n": 420,
        "median": 56.73353747736243,
        "p95": 268.8445666790103
      },
      "ZeyuWu": {
        "n": 392,
        "median": 49.95434216752349,
        "p95": 304.0368731604167
      }
    }
  },
  "phase1_gru_com": {
    "overall_median_3d_mm": 61.06850475884801,
    "overall_mean_3d_mm": 88.79770357358015,
    "overall_p95_3d_mm": 261.2500416714931,
    "per_horizon_median_3d_mm": [
      20.7132727196596,
      29.723249243048663,
      42.074529172757934,
      54.94689114857748,
      66.83442903228668,
      76.99898102465038,
      87.81327171343419,
      98.05333147066607,
      107.37400497225161,
      112.40826751855526
    ],
    "per_horizon_p95_3d_mm": [
      52.98402059720553,
      80.14158024893466,
      120.45269072343535,
      162.94764527343042,
      206.00751237512526,
      244.78798652711637,
      280.1060930812945,
      314.37257657370964,
      346.22133288070097,
      377.3234176373201
    ],
    "per_axis_median_mm": {
      "x": 25.797123550578192,
      "y": 24.70394383022736,
      "z": 20.06645096495464
    },
    "per_axis_per_horizon_median_mm": {
      "x": [
        8.84254353017883,
        12.503108994430704,
        17.409825899171665,
        22.919703847886467,
        29.10515172125929,
        34.36608016810908,
        40.58090567095064,
        46.668304787447966,
        52.611124453758805,
        56.19244444529096
      ],
      "y": [
        9.630404803434487,
        12.868212045831456,
        17.44961982743348,
        22.918994726995322,
        27.789580672364423,
        31.917756154263998,
        37.06384263600512,
        39.457125407208025,
        43.642746803962496,
        45.23263131975068
      ],
      "z": [
        8.231243460911998,
        12.496021167328195,
        18.033448852849006,
        21.088519798661878,
        25.222354413454582,
        25.902463309956488,
        24.93065299574164,
        26.435513862306948,
        27.92620368657549,
        26.762879293516562
      ]
    },
    "skill_score_vs_persistence": 1.1280563491998523
  },
  "phase2_v1_gru_kp": {
    "overall_median_3d_mm": 66.32909980652184,
    "overall_mean_3d_mm": 93.402195399997,
    "overall_p95_3d_mm": 265.03987588917005,
    "per_horizon_median_3d_mm": [
      26.340709050842374,
      34.53882907454188,
      44.96326048453553,
      57.26717456846515,
      69.51887408665795,
      80.00867332301966,
      92.91382922742369,
      104.64875631847012,
      114.35418265785827,
      121.32815803177026
    ],
    "per_horizon_p95_3d_mm": [
      74.22544238963192,
      99.3561395933972,
      131.60370879462545,
      169.59808301732681,
      214.87052215984414,
      258.0652743860208,
      299.10873570955295,
      337.8588553399427,
      368.3346286950036,
      394.29908115217677
    ],
    "per_axis_median_mm": {
      "x": 31.278075350480037,
      "y": 29.421424751550802,
      "z": 20.547628801116332
    },
    "per_axis_per_horizon_median_mm": {
      "x": [
        13.423542294494496,
        16.086657644699073,
        20.885167787844637,
        26.552056802940342,
        33.5658507741789,
        40.085368230591655,
        47.90991507284775,
        53.745805257284246,
        58.9465768451264,
        66.55171467881974
      ],