{
  "n_test": 5255,
  "threshold_mm_per_frame": 40.10069406461301,
  "n_static": 3678,
  "n_moving": 1577,
  "epochs_trained": 200,
  "best_val_mse": 0.024585891907152376,
  "n_params": 283358,
  "methods": {
    "persistence": {
      "full": {
        "n": 5255,
        "median_3d_mm": 54.136040989587826,
        "mean_3d_mm": 92.23595980509062,
        "p95_3d_mm": 327.1966732468504,
        "per_horizon_median": [
          16.821368087737554,
          30.376857726583196,
          42.925513138115974,
          53.30543238933013,
          64.06689930040096,
          71.5000397674065,
          77.44702078389696,
          81.21766058905452,
          83.75233375466118,
          85.74211323789658
        ],
        "per_axis_median": {
          "x": 21.22095919373561,
          "y": 19.71691006763149,
          "z": 9.353946479781825
        },
        "skill_vs_persistence": 1.0
      },
      "static": {
        "n": 3678,
        "median_3d_mm": 38.06682893547686,
        "mean_3d_mm": 61.12294376503395,
        "p95_3d_mm": 198.869118033915,
        "per_horizon_median": [
          13.290159146845586,
          22.7804547357904,
          32.15734547645556,
          39.33543247595651,
          45.77922477389174,
          51.274425184838925,
          56.256520897843146,
          59.4648154259779,
          60.486804014557855,
          59.702735836049165
        ],
        "per_axis_median": {
          "x": 13.816471760259304,
          "y": 14.281997087748948,
          "z": 8.220281506125389
        },
        "skill_vs_persistence": 1.0
      },
      "moving": {
        "n": 1577,
        "median_3d_mm": 132.90043903288603,
        "mean_3d_mm": 164.8001151604034,
        "p95_3d_mm": 419.6549707436376,
        "per_horizon_median": [
          31.253972212239724,
          60.779273100989194,
          88.19744318539988,
          116.10472998939211,
          143.07597136195707,
          173.86931822619374,
          198.96609940643637,
          227.76757183943252,
          252.53060975378332,
          279.17808377526984
        ],
        "per_axis_median": {
          "x": 65.61745904039094,
          "y": 53.47620698965901,
          "z": 12.20301936658467
        },
        "skill_vs_persistence": 1.0
      }
    },
    "phase2_gamma": {
      "full": {
        "n": 5255,
        "median_3d_mm": 55.55691539436053,
        "mean_3d_mm": 90.25138218385119,
        "p95_3d_mm": 292.0030835835684,
        "per_horizon_median": [
          19.689748461885202,
          33.53661079718868,
          44.66496822791703,
          52.997483893814206,
          61.31692244908532,
          68.59658859413626,
          77.49329370273291,
          84.69677217780385,
          90.03970687689784,
          99.70935814697924
        ],
        "per_axis_median": {
          "x": 24.250146086076825,
          "y": 22.698039719709328,
          "z": 16.031753670464497
        },
        "skill_vs_persistence": 1.0262463670929685
      },
      "static": {
        "n": 3678,
        "median_3d_mm": 45.09017967512142,
        "mean_3d_mm": 68.40957309931746,
        "p95_3d_mm": 210.8002134868268,
        "per_horizon_median": [
          16.752231046744633,
          28.491314095762796,
          36.96250660960638,
          43.911722925478,
          49.57591342340548,
          54.40755426168072,
          59.40777916905371,
          64.33568998386441,
          68.69183266843436,
          72.52252819275107
        ],
        "per_axis_median": {
          "x": 18.903941731229622,
          "y": 17.6673759121756,
          "z": 14.854293876033466
        },
        "skill_vs_persistence": 1.1845005464350369
      },
      "moving": {
        "n": 1577,
        "median_3d_mm": 104.48251363189766,
        "mean_3d_mm": 141.19251966826153,
        "p95_3d_mm": 386.27222386522294,
        "per_horizon_median": [
          30.029833597897127,
          52.782856747030706,
          74.85083758300762,
          96.33373954175491,
          117.02215191027466,
          136.61433937814067,
          157.41319939307326,
          181.34710850781852,
          204.40811169972238,
          230.40524908014177
        ],
        "per_axis_median": {
          "x": 45.18838172023885,
          "y": 46.370727834040395,
          "z": 19.493550701160146
        },
        "skill_vs_persistence": 0.786171320367449
      },
      "per_subject": {
        "LiangShi": {
          "n_full": 389,
          "median_full": 50.058119041193734,
          "n_moving": 145,
          "median_moving": 76.21405258542447
        },
        "MantianXue": {
          "n_full": 364,
          "median_full": 61.45512499781164,
          "n_moving": 193,
          "median_moving": 129.8382160090752
        },
        "MikeFoshey": {
          "n_full": 406,
          "median_full": 62.41804496953212,
          "n_moving": 187,
          "median_moving": 91.15628696552767
        },
        "PingchuanMa": {
          "n_full": 400,
          "median_full": 55.49724606636174,
          "n_moving": 149,
          "median_moving": 137.23307378911477
        },
        "TimErps": {
          "n_full": 381,
          "median_full": 62.70972370511858,
          "n_moving": 107,
          "median_moving": 129.29275817789463
        },
        "TongZhang": {
          "n_full": 392,
          "median_full": 36.657679353342616,
          "n_moving": 122,
          "median_moving": 96.02626823072039
        },
        "WanShou": {
          "n_full": 375,
          "median_full": 44.52600213762766,
          "n_moving": 145,
          "median_moving": 73.03561710621955
        },
        "YiyueLuo": {
          "n_full": 1736,
          "median_full": 57.42930784932638,
          "n_moving": 217,
          "median_moving": 138.50822321666183
        },
        "YunzhuLi": {
          "n_full": 420,
          "median_full": 68.57643605532205,
          "n_moving": 181,
          "median_moving": 102.3798774745003
        },
        "ZeyuWu": {
          "n_full": 392,
          "median_full": 57.05425131332572,
          "n_moving": 131,
          "median_moving": 84.3112916777182
        }
      }
    }
  }
}