{
  "lags": [
    -10,
    -9,
    -8,
    -7,
    -6,
    -5,
    -4,
    -3,
    -2,
    -1,
    0,
    1,
    2,
    3,
    4,
    5,
    6,
    7,
    8,
    9,
    10
  ],
  "fps": 10,
  "motion_threshold_mm_per_frame": 5.0,
  "n_sessions_total": 135,
  "no_contact_frames": 0,
  "no_contact_fraction": 0.0,
  "all_frames": {
    "x": {
      "corr_mean": [
        -0.008332113651455886,
        -0.023733329484085828,
        -0.024787385376431544,
        -0.02501395506257045,
        -0.02879337425138557,
        -0.004608228041616104,
        -0.019282187450684784,
        0.0017091839763125356,
        0.015526654243011419,
        0.022215524681124574,
        0.035575616157735086,
        0.04000472469108017,
        0.033597027334945365,
        0.019431181463221387,
        0.01699473125797268,
        0.008103971241273078,
        -0.00390882807133703,
        -0.004472293532336406,
        -0.0010347127627841504,
        -0.010631351610222523,
        0.006082123920626992
      ],
      "corr_std": [
        0.054690390079982616,
        0.05480086287041946,
        0.05118310185581905,
        0.05656383910732461,
        0.06161374108696417,
        0.0726451241803529,
        0.06033265001788632,
        0.05452512771250664,
        0.06704196049799933,
        0.06479054390109099,
        0.06588293815300648,
        0.07308909422786695,
        0.06774569638700165,
        0.05765740118721159,
        0.05447946034865265,
        0.053975094520224094,
        0.05625680355098003,
        0.0596448099285218,
        0.0597790008726826,
        0.05939661087461344,
        0.06286802467578244
      ],
      "n_sessions": [
        135,
        135,
        135,
        135,
        135,
        135,
        135,
        135,
        135,
        135,
        135,
        135,
        135,
        135,
        135,
        135,
        135,
        135,
        135,
        135,
        135
      ],
      "n_pairs_total": [
        31115,
        31250,
        31385,
        31520,
        31655,
        31790,
        31925,
        32060,
        32195,
        32330,
        32465,
        32330,
        32195,
        32060,
        31925,
        31790,
        31655,
        31520,
        31385,
        31250,
        31115
      ],
      "peak_lag": 1,
      "peak_corr": 0.04000472469108017
    },
    "y": {
      "corr_mean": [
        -0.014116026933731457,
        -0.014146709097918177,
        -0.012937797819028296,
        -0.015136100225661201,
        -0.016535048799591407,
        -0.018483323348126527,
        0.0031443124665473765,
        -0.005991195190966966,
        0.000153411595744291,
        0.020400241563350244,
        0.014576296292648304,
        0.029252810480219483,
        0.007957201573378396,
        0.01588067531433447,
        -0.0011096616242480628,
        0.0012213876084330036,
        -0.00231894083816115,
        -0.01015645028566526,
        0.0016246487581894316,
        -0.01058347387031852,
        0.003401576175501817
      ],
      "corr_std": [
        0.059134317155988485,
        0.057457150891637755,
        0.05537348643671469,
        0.05569523073821352,
        0.060515908540345664,
        0.07313385629022072,
        0.07018538473359918,
        0.057594323076749096,
        0.0680295537764209,
        0.060582505765358355,
        0.06930102371243049,
        0.06318965491753019,
        0.062037380817487726,
        0.05897385756718647,
        0.05582727883663508,
        0.05091818205777661,
        0.05234005225542644,
        0.05920050734024404,
        0.07059852163971238,
        0.0688407800789369,
        0.06473649462894815
      ],
      "n_sessions": [
        135,
        135,
        135,
        135,
        135,
        135,
        135,
        135,
        135,
        135,
        135,
        135,
        135,
        135,
        135,
        135,
        135,
        135,
        135,
        135,
        135
      ],
      "n_pairs_total": [
        31115,
        31250,
        31385,
        31520,
        31655,
        31790,
        31925,
        32060,
        32195,
        32330,
        32465,
        32330,
        32195,
        32060,
        31925,
        31790,
        31655,
        31520,
        31385,
        31250,
        31115
      ],
      "peak_lag": 1,
      "peak_corr": 0.029252810480219483
    }
  },
  "motion_only": {
    "x": {
      "corr_mean": [
        -0.013840984678462107,
        -0.025618716293792053,
        -0.030503213423382105,
        -0.0368184896414292,
        -0.034383268353530366,
        -0.005859586355977398,
        -0.019620129248770504,
        -0.0024709648801107226,
        0.017928033775495435,
        0.0258671275244671,
        0.03923192780646385,
        0.0439400860130558,
        0.035162918975288664,
        0.023628320426943256,
        0.014869743043398796,
        0.008860509828934085,
        -0.004894674361533777,
        -0.007602778370794806,
        -0.0005912588501086924,
        -0.009214161156264668,
        0.007056578110122258
      ],
      "corr_std": [
        0.0715617309555388,
        0.07044913234535456,
        0.07325165578936857,
        0.0674852673639304,
        0.07748351112347217,
        0.08274080477769115,
        0.07902839269440697,
        0.060234520960211146,
        0.07983382866359423,
        0.07371477082514148,
        0.07235253378168464,
        0.08099404338516103,
        0.0806810315618444,
        0.07332774475447142,
        0.06947859975094117,
        0.07387389006704902,
        0.07075661471851669,
        0.07185844523244603,
        0.07829539001343815,
        0.07204850300115087,
        0.0750452065393205
      ],
      "n_sessions": [
        130,
        130,
        132,
        131,
        132,
        132,
        131,
        132,
        132,
        132,
        135,
        132,
        132,
        132,
        131,
        132,
        132,
        131,
        132,
        130,
        130
      ],
      "n_pairs_total": [
        20471,
        20633,
        20900,
        20943,
        21071,
        21149,
        21261,
        21522,
        21870,
        22394,
        25872,
        22394,
        21870,
        21522,
        21261,
        21149,
        21071,
        20943,
        20900,
        20633,
        20471
      ],
      "peak_lag": 1,
      "peak_corr": 0.0439400860130558
    },
    "y": {
      "corr_mean": [
        -0.015498993577528401,
        -0.02530116920368112,
        -0.011856382582212966,
        -0.017716787577429356,
        -0.019963810987960195,
        -0.019310803896724932,
        0.003768422863823008,
        -0.005518081267302523,
        0.0015845624818586826,
        0.02900459802608468,
        0.01626668598584718,
        0.03545477327082667,
        0.010527181133642944,
        0.020309221127848928,
        -0.00027466951422680454,
        0.001625818298967797,
        -0.0031522023350453073,
        -0.004422203331480986,
        0.0020742549413759266,
        -0.0035594385303493715,
        0.0008837401944462544
      ],
      "corr_std": [
        0.080664737839814,
        0.07879295059273218,
        0.07482475197026744,
        0.06661621937253923,
        0.07541117287501642,
        0.08099575856059249,
        0.09044978408160781,
        0.06858902514729291,
        0.07919256214216351,
        0.0742303145137461,
        0.07977530144310757,
        0.07424204190026847,
        0.07487989028171876,
        0.0669621886253391,
        0.06513157475254056,
        0.06853229387963124,
        0.0685245466123311,
        0.08343388930960588,
        0.08684602934825028,
        0.08215623338608984,
        0.07987191271037442
      ],