{
  "persistence": {
    "overall_median_3d_mm": 54.136040989587826,
    "overall_mean_3d_mm": 92.23595980509062,
    "overall_p95_3d_mm": 327.1966732468504,
    "per_horizon_median_3d_mm": [
      16.821368087737554,
      30.376857726583196,
      42.925513138115974,
      53.30543238933013,
      64.06689930040096,
      71.5000397674065,
      77.44702078389696,
      81.21766058905452,
      83.75233375466118,
      85.74211323789658
    ],
    "per_horizon_p95_3d_mm": [
      65.87131280832683,
      121.85919178709754,
      173.81461245994612,
      226.88440025084415,
      273.63917106978556,
      318.23384476016463,
      358.04381363367474,
      389.39561648767597,
      416.65099626561425,
      445.45175149622844
    ],
    "per_axis_median_mm": {
      "x": 21.22095919373561,
      "y": 19.71691006763149,
      "z": 9.353946479781825
    },
    "per_axis_per_horizon_median_mm": {
      "x": [
        6.5842835148489485,
        11.944382085190114,
        16.724405222966027,
        20.97558198992158,
        25.359769495913497,
        28.92602617895443,
        31.47726355457695,
        33.86321339818028,
        35.35430210845584,
        36.041274020731635
      ],
      "y": [
        6.851933749596469,
        11.778591905230883,
        15.99047406154125,
        19.81045387589313,
        22.867618242271305,
        25.907161847782504,
        28.335523431569413,
        29.82945843437915,
        31.48523750553818,
        31.526936445599404
      ],
      "z": [
        4.3737178908745875,
        6.872766339939233,
        8.571265218510462,
        10.020573948354468,
        10.706601969483586,
        11.011091879593778,
        11.039509764513355,
        11.362044575679676,
        12.08847199561228,
        12.92744670698039
      ]
    },
    "skill_score_vs_persistence": 1.0
  },
  "phase2_tactile": {
    "overall_median_3d_mm": 58.08452962641606,
    "overall_mean_3d_mm": 94.16248467324306,
    "overall_p95_3d_mm": 310.4534010154824,
    "per_horizon_median_3d_mm": [
      18.416832910612047,
      32.06139744814043,
      44.10320140872092,
      54.89873355636292,
      64.59166307803659,
      73.59163094373177,
      83.31978190097266,
      91.31086591608116,
      99.9243919449144,
      107.57591330908755
    ],
    "per_horizon_p95_3d_mm": [
      63.26275834284193,
      112.97536716057377,
      164.46702821980494,
      210.17041681664833,
      257.3053887036197,
      303.8200208921552,
      343.7557995925685,
      377.9189444904929,
      406.91533382920323,
      437.51798994597493
    ],
    "per_axis_median_mm": {
      "x": 27.20329893463719,
      "y": 23.507364651886576,
      "z": 14.32340177006904
    },
    "per_axis_per_horizon_median_mm": {
      "x": [
        7.959725849302458,
        13.956308869472196,
        19.559305097504193,
        25.09964748331811,
        30.067789315442553,
        34.931911453320936,
        39.755107608110734,
        43.63073884838332,
        48.11849070766061,
        52.45672934308027
      ],
      "y": [
        8.827431193566838,
        13.936462132269412,
        18.448354228676976,
        22.07656015628868,
        25.36610734699002,
        28.655785831055937,
        32.37187361360998,
        35.04618602288724,
        38.5743506791091,
        41.066712141053245
      ],
      "z": [
        6.410103763287793,
        10.005493431757372,
        12.630357525143836,
        14.371482988043795,
        15.581056955497843,
        16.2694672569844,
        17.275798827531617,
        18.898385616379755,
        20.667704532466104,
        22.397147808901195
      ]
    },
    "skill_score_vs_persistence": 1.0729364128711898,
    "per_subject_median_mm": {
      "LiangShi": {
        "n": 389,
        "median": 59.61220150454905,
        "p95": 301.6653011789557
      },
      "MantianXue": {
        "n": 364,
        "median": 65.0429257361459,
        "p95": 415.2363979331631
      },
      "MikeFoshey": {
        "n": 406,
        "median": 66.46520504241204,
        "p95": 316.12900445965215
      },
      "PingchuanMa": {
        "n": 400,
        "median": 58.064202885789115,
        "p95": 403.4475791389526
      },
      "TimErps": {
        "n": 381,
        "median": 62.908131977316316,
        "p95": 306.83937143021956
      },
      "TongZhang": {
        "n": 392,
        "median": 39.46084110466208,
        "p95": 298.9192057428312
      },
      "WanShou": {
        "n": 375,
        "median": 51.41544586470661,
        "p95": 240.76038166104152
      },
      "YiyueLuo": {
        "n": 1736,
        "median": 57.297750914104384,
        "p95": 267.28030674914834
      },
      "YunzhuLi": {
        "n": 420,
        "median": 69.74774043792308,
        "p95": 325.3758872754812
      },
      "ZeyuWu": {
        "n": 392,
        "median": 56.93368998364406,
        "p95": 333.0680424496974
      }
    }
  }
}