{
  "n_test": 5255,
  "threshold_mm_per_frame": 40.10069406461301,
  "n_static": 3678,
  "n_moving": 1577,
  "linear_best_val_mse": 1.0110151767730713,
  "mlp_best_val_mse": 1.0085660219192505,
  "dynamics_epoch": 11,
  "dynamics_best_val_mse": 0.9368291842310053,
  "methods": {
    "persistence": {
      "full": {
        "n": 5255,
        "median_3d_mm": 54.136040989587826,
        "mean_3d_mm": 92.23595980509062,
        "p95_3d_mm": 327.1966732468504,
        "per_horizon_median": [
          16.821368087737554,
          30.376857726583196,
          42.925513138115974,
          53.30543238933013,
          64.06689930040096,
          71.5000397674065,
          77.44702078389696,
          81.21766058905452,
          83.75233375466118,
          85.74211323789658
        ],
        "per_axis_median": {
          "x": 21.22095919373561,
          "y": 19.71691006763149,
          "z": 9.353946479781825
        },
        "skill_vs_persistence": 1.0
      },
      "static": {
        "n": 3678,
        "median_3d_mm": 38.06682893547686,
        "mean_3d_mm": 61.12294376503395,
        "p95_3d_mm": 198.869118033915,
        "per_horizon_median": [
          13.290159146845586,
          22.7804547357904,
          32.15734547645556,
          39.33543247595651,
          45.77922477389174,
          51.274425184838925,
          56.256520897843146,
          59.4648154259779,
          60.486804014557855,
          59.702735836049165
        ],
        "per_axis_median": {
          "x": 13.816471760259304,
          "y": 14.281997087748948,
          "z": 8.220281506125389
        },
        "skill_vs_persistence": 1.0
      },
      "moving": {
        "n": 1577,
        "median_3d_mm": 132.90043903288603,
        "mean_3d_mm": 164.8001151604034,
        "p95_3d_mm": 419.6549707436376,
        "per_horizon_median": [
          31.253972212239724,
          60.779273100989194,
          88.19744318539988,
          116.10472998939211,
          143.07597136195707,
          173.86931822619374,
          198.96609940643637,
          227.76757183943252,
          252.53060975378332,
          279.17808377526984
        ],
        "per_axis_median": {
          "x": 65.61745904039094,
          "y": 53.47620698965901,
          "z": 12.20301936658467
        },
        "skill_vs_persistence": 1.0
      }
    },
    "phase2_epsilon_linear": {
      "full": {
        "n": 5255,
        "median_3d_mm": 54.19412765292239,
        "mean_3d_mm": 92.6065332466964,
        "p95_3d_mm": 326.7619636182357,
        "per_horizon_median": [
          17.07532043886996,
          30.494857739379807,
          43.45670970912719,
          53.47365696222305,
          63.83717544639503,
          71.4385690584163,
          77.37664717813745,
          81.86999051288582,
          83.5390272666305,
          85.60805969355414
        ],
        "per_axis_median": {
          "x": 21.488874564827768,
          "y": 20.05652931782896,
          "z": 9.905940952720528
        },
        "skill_vs_persistence": 1.0010729758266907
      },
      "static": {
        "n": 3678,
        "median_3d_mm": 38.48702617488005,
        "mean_3d_mm": 61.67695467895127,
        "p95_3d_mm": 199.5919677233274,
        "per_horizon_median": [
          13.439297185050247,
          23.303746641965994,
          32.22820352548321,
          38.92318036563151,
          45.90069910197823,
          51.33703819177387,
          56.170973732376545,
          59.55320314589589,
          61.030536211085206,
          60.033155399248116
        ],
        "per_axis_median": {
          "x": 14.21984883894416,
          "y": 14.726625627031353,
          "z": 8.81814963949381
        },
        "skill_vs_persistence": 1.0110384093226
      },
      "moving": {
        "n": 1577,
        "median_3d_mm": 132.5496620196873,
        "mean_3d_mm": 164.7428617008287,
        "p95_3d_mm": 417.97892915849,
        "per_horizon_median": [
          31.346252170908116,
          60.324886339773336,
          88.42474614100675,
          115.3125897155865,
          144.51657378538457,
          171.97727237528622,
          200.1474817797332,
          227.32653622626012,
          252.21827359106948,
          278.9072611014352
        ],
        "per_axis_median": {
          "x": 65.42224933602125,
          "y": 53.791517967380884,
          "z": 12.63455489775383
        },
        "skill_vs_persistence": 0.9973606030517933
      }
    },
    "phase2_epsilon_mlp": {
      "full": {
        "n": 5255,
        "median_3d_mm": 54.13198922981073,
        "mean_3d_mm": 92.23790015840873,
        "p95_3d_mm": 326.61960420631095,
        "per_horizon_median": [
          16.85728109052288,
          30.387595635288907,
          43.08346777806881,
          53.46243125819408,
          63.81968900032735,
          71.26722623731075,
          77.10575384032576,
          81.47336752019189,
          83.27920692714478,
          85.52279662360796
        ],
        "per_axis_median": {
          "x": 21.44898027512818,
          "y": 19.704917448419394,
          "z": 9.561361304099648
        },
        "skill_vs_persistence": 0.9999251559644364
      },
      "static": {
        "n": 3678,
        "median_3d_mm": 38.289651382384925,
        "mean_3d_mm": 61.276744969395665,
        "p95_3d_mm": 198.44690342338896,
        "per_horizon_median": [
          13.249934305138195,
          22.828317406912486,
          32.329738677863,
          39.08083854076156,
          45.4819212284653,
          51.1753163881629,
          55.98674082617167,
          59.24136044528933,
          60.0179331407992,
          59.67660105075356
        ],
        "per_axis_median": {
          "x": 14.204922330291964,
          "y": 14.209289072546142,
          "z": 8.493173884361283
        },
        "skill_vs_persistence": 1.00585345438901
      },
      "moving": {
        "n": 1577,
        "median_3d_mm": 132.5715575192078,
        "mean_3d_mm": 164.44787402346262,
        "p95_3d_mm": 417.9795989570412,
        "per_horizon_median": [
          31.098458065258857,
          60.66354020702309,
          88.5222938220716,
          116.06195347948183,
          144.1790853966382,
          172.75373333871084,
          199.62245836205716,
          226.7111507948401,
          252.61363861056913,
          278.53405302888507
        ],
        "per_axis_median": {
          "x": 65.55922809230546,
          "y": 53.527220943685734,
          "z": 12.348762771606118
        },
        "skill_vs_persistence": 0.997525354196935
      },
      "per_subject": {
        "LiangShi": {
          "n_full": 389,
          "median_full": 63.286568323385445,
          "n_moving": 145,
          "median_moving": 115.51593815507202
        },
        "MantianXue": {
          "n_full": 364,
          "median_full": 96.35936391660844,
          "n_moving": 193,
          "median_moving": 159.9969599387948
        },
        "MikeFoshey": {
          "n_full": 406,
          "median_full": 75.14200787678755,
          "n_moving": 187,
          "median_moving": 128.05274420513916
        },
        "PingchuanMa": {
          "n_full": 400,
          "median_full": 57.79394113848436,
          "n_moving": 149,
          "median_moving": 164.01243726689722
        },
        "TimErps": {
          "n_full": 381,
          "median_full": 54.314486764572194,
          "n_moving": 107,
          "median_moving": 140.79469584627157
        },
        "TongZhang": {
          "n_full": 392,
          "median_full": 38.51340013686699,
          "n_moving": 122,
          "median_moving": 123.63759904958096
        },
        "WanShou": {
          "n_full": 375,
          "median_full": 65.03140102183104,
          "n_moving": 145,
          "median_moving": 133.09697895336035
        },
        "YiyueLuo": {
          "n_full": 1736,
          "median_full": 35.72903138093481,
          "n_moving": 217,