{
  "persistence": {
    "overall_median_3d_mm": 54.136040989587826,
    "overall_mean_3d_mm": 92.23595980509062,
    "overall_p95_3d_mm": 327.1966732468504,
    "per_horizon_median_3d_mm": [
      16.821368087737554,
      30.376857726583196,
      42.925513138115974,
      53.30543238933013,
      64.06689930040096,
      71.5000397674065,
      77.44702078389696,
      81.21766058905452,
      83.75233375466118,
      85.74211323789658
    ],
    "per_horizon_p95_3d_mm": [
      65.87131280832683,
      121.85919178709754,
      173.81461245994612,
      226.88440025084415,
      273.63917106978556,
      318.23384476016463,
      358.04381363367474,
      389.39561648767597,
      416.65099626561425,
      445.45175149622844
    ],
    "per_axis_median_mm": {
      "x": 21.22095919373561,
      "y": 19.71691006763149,
      "z": 9.353946479781825
    },
    "per_axis_per_horizon_median_mm": {
      "x": [
        6.5842835148489485,
        11.944382085190114,
        16.724405222966027,
        20.97558198992158,
        25.359769495913497,
        28.92602617895443,
        31.47726355457695,
        33.86321339818028,
        35.35430210845584,
        36.041274020731635
      ],
      "y": [
        6.851933749596469,
        11.778591905230883,
        15.99047406154125,
        19.81045387589313,
        22.867618242271305,
        25.907161847782504,
        28.335523431569413,
        29.82945843437915,
        31.48523750553818,
        31.526936445599404
      ],
      "z": [
        4.3737178908745875,
        6.872766339939233,
        8.571265218510462,
        10.020573948354468,
        10.706601969483586,
        11.011091879593778,
        11.039509764513355,
        11.362044575679676,
        12.08847199561228,
        12.92744670698039
      ]
    },
    "skill_score_vs_persistence": 1.0
  },
  "phase2_gru_kp": {
    "overall_median_3d_mm": 66.32909980652184,
    "overall_mean_3d_mm": 93.402195399997,
    "overall_p95_3d_mm": 265.03987588917005,
    "per_horizon_median_3d_mm": [
      26.340709050842374,
      34.53882907454188,
      44.96326048453553,
      57.26717456846515,
      69.51887408665795,
      80.00867332301966,
      92.91382922742369,
      104.64875631847012,
      114.35418265785827,
      121.32815803177026
    ],
    "per_horizon_p95_3d_mm": [
      74.22544238963192,
      99.3561395933972,
      131.60370879462545,
      169.59808301732681,
      214.87052215984414,
      258.0652743860208,
      299.10873570955295,
      337.8588553399427,
      368.3346286950036,
      394.29908115217677
    ],
    "per_axis_median_mm": {
      "x": 31.278075350480037,
      "y": 29.421424751550802,
      "z": 20.547628801116332
    },
    "per_axis_per_horizon_median_mm": {
      "x": [
        13.423542294494496,
        16.086657644699073,
        20.885167787844637,
        26.552056802940342,
        33.5658507741789,
        40.085368230591655,
        47.90991507284775,
        53.745805257284246,
        58.9465768451264,
        66.55171467881974
      ],
      "y": [
        12.322803923959896,
        15.585910432306946,
        20.66503954112477,
        26.150027856194356,
        31.471448240228426,
        35.82506462440392,
        41.93222826983367,
        45.93807114925016,
        51.16537943327546,
        54.27459155019949
      ],
      "z": [
        9.516208030044822,
        12.202349954745387,
        16.63246751937743,
        18.75580977870743,
        22.654833034212743,
        26.088157393147526,
        26.009636411483484,
        29.9510131947535,
        30.65804120761652,
        30.85358520712981
      ]
    },
    "skill_score_vs_persistence": 1.2252299686872032,
    "per_subject_median_mm": {
      "LiangShi": {
        "n": 389,
        "median": 65.84178016081813,
        "p95": 212.57918913933912
      },
      "MantianXue": {
        "n": 364,
        "median": 73.68559907791808,
        "p95": 404.8256783189471
      },
      "MikeFoshey": {
        "n": 406,
        "median": 68.62620198966692,
        "p95": 274.15678188722546
      },
      "PingchuanMa": {
        "n": 400,
        "median": 69.93667896540768,
        "p95": 311.6639613073883
      },
      "TimErps": {
        "n": 381,
        "median": 72.72425031293403,
        "p95": 251.9416755838461
      },
      "TongZhang": {
        "n": 392,
        "median": 47.64286292080456,
        "p95": 337.4242840009472
      },
      "WanShou": {
        "n": 375,
        "median": 71.81594929276815,
        "p95": 203.46757914045835
      },
      "YiyueLuo": {
        "n": 1736,
        "median": 61.87531699131226,
        "p95": 231.5282026741164
      },
      "YunzhuLi": {
        "n": 420,
        "median": 87.80471018711941,
        "p95": 246.91873407618885
      },
      "ZeyuWu": {
        "n": 392,
        "median": 63.19566943658053,
        "p95": 343.60280679444156
      }
    }
  },
  "phase1_gru_com": {
    "overall_median_3d_mm": 61.06850475884801,
    "overall_mean_3d_mm": 88.79770357358015,
    "overall_p95_3d_mm": 261.2500416714931,
    "per_horizon_median_3d_mm": [
      20.7132727196596,
      29.723249243048663,
      42.074529172757934,
      54.94689114857748,
      66.83442903228668,
      76.99898102465038,
      87.81327171343419,
      98.05333147066607,
      107.37400497225161,
      112.40826751855526
    ],
    "per_horizon_p95_3d_mm": [
      52.98402059720553,
      80.14158024893466,
      120.45269072343535,
      162.94764527343042,
      206.00751237512526,
      244.78798652711637,
      280.1060930812945,
      314.37257657370964,
      346.22133288070097,
      377.3234176373201
    ],
    "per_axis_median_mm": {
      "x": 25.797123550578192,
      "y": 24.70394383022736,
      "z": 20.06645096495464
    },
    "per_axis_per_horizon_median_mm": {
      "x": [
        8.84254353017883,
        12.503108994430704,
        17.409825899171665,
        22.919703847886467,
        29.10515172125929,
        34.36608016810908,
        40.58090567095064,
        46.668304787447966,
        52.611124453758805,
        56.19244444529096
      ],
      "y": [
        9.630404803434487,
        12.868212045831456,
        17.44961982743348,
        22.918994726995322,
        27.789580672364423,
        31.917756154263998,
        37.06384263600512,
        39.457125407208025,
        43.642746803962496,
        45.23263131975068
      ],
      "z": [
        8.231243460911998,
        12.496021167328195,
        18.033448852849006,
        21.088519798661878,
        25.222354413454582,
        25.902463309956488,
        24.93065299574164,
        26.435513862306948,
        27.92620368657549,
        26.762879293516562
      ]
    },
    "skill_score_vs_persistence": 1.1280563491998523
  }
}